{"cameraMode":{"drawMode":0,"name":"Shaded","section":"Shading Mode"},"sceneLighting":false,"audioPlay":false,"sceneViewState":{"showFog":true,"showMaterialUpdate":false,"showSkybox":false,"showFlares":true,"showImageEffects":true,"showParticleSystems":true},"in2DMode":false,"pivot":{"x":-0.060000061988830569,"y":1.0758346319198609,"z":-5.960464477539063e-8},"rotation":{"x":0.04679211229085922,"y":0.008983093313872815,"z":-0.0004360014572739601,"w":0.9988508224487305},"size":0.8558036088943481,"orthographic":false}